generation,mean_pairwise_distance,variance_diversity
0,13.217530830573859,0.32677155126783203
1,12.892364321766582,0.3192253388657529
2,11.739896868516427,0.28360203490130337
0,13.298896728569714,0.3307979649834422
1,12.714444124215778,0.31322184339300346
2,9.652644399287501,0.22490519521843114
