Simulation,Generation,Best Fitness,Mean Fitness,Std Fitness
1,1,30.319827390982933,-0.5579415871090186,8.785163940252302
1,2,30.319827390982933,19.76344898319145,5.904435251546409
1,3,38.88190280195865,20.68761816843713,6.08039989504886
