generation,mean_pairwise_distance,variance_diversity
0,13.235931560996322,0.3276260718931759
1,12.720086730045018,0.3083242689957851
2,12.695029322557675,0.3070000616312185
3,12.560955540355685,0.2996634163372443
