Simulation,Generation,Best Fitness,Mean Fitness,Std Fitness
1,1,73.75363191989754,-0.256373092403165,11.506996742986788
1,2,73.75363191989754,23.611323685514847,13.96730113411795
2,1,65.08626264934031,-0.6598306399913453,11.149961096847301
2,2,83.86558654025025,30.265291151837587,22.848554386534666
