Simulation,Generation,Best Fitness,Mean Fitness,Std Fitness
1,1,65.49421593987176,0.35268860333931984,11.166217920336095
1,2,65.49421593987176,22.849101036526907,15.493113774975876
1,3,65.49421593987176,32.938696357851214,20.264695510531343
