generation,mean_pairwise_distance,variance_diversity
0,13.26246713302337,0.3289935861292496
1,13.09935026417855,0.327376763158437
2,12.430943055887324,0.31402816533786
3,10.521336712416868,0.259153900689349
