generation,mean_pairwise_distance,variance_diversity
0,13.26432561900581,0.32908426904772675
1,12.527630011547295,0.29904386622596524
2,12.446265926643061,0.29728990930543003
0,13.299458711491486,0.33084097759515574
1,12.657742681093852,0.308191454568601
2,12.276373965345444,0.29391109496948803
