Simulation,Generation,Best Fitness,Mean Fitness,Std Fitness
1,1,38.38527439979624,-0.6261896519915338,9.917060017161944
1,2,38.75972415482923,22.45290060645527,5.206091529727521
2,1,29.983842840301648,-1.3919751082804475,8.557710534028484
2,2,30.498741789455273,19.09212178501264,8.11068666688549
