Simulation,Generation,Best Fitness,Mean Fitness,Std Fitness
1,1,39.033853260876306,-1.4618192160899406,11.444564802098629
1,2,48.17399989261955,32.699998865058845,10.733808664064078
1,3,48.222347676777346,35.84382684370071,8.506248727011368
