generation,mean_pairwise_distance,variance_diversity
0,13.31965007735178,0.331856432741835
1,12.544271424844371,0.3041865426270875
2,12.509072659516498,0.3016276118510271
3,12.458501490322954,0.30020694044252927
