generation,mean_pairwise_distance,variance_diversity
0,13.238850230683317,0.32779077424043246
1,12.27719997287936,0.2934289013031726
2,12.550183873184686,0.30319459707844687
3,12.898146719131578,0.31926680478323133
