Simulation,Generation,Best Fitness,Mean Fitness,Std Fitness
1,1,39.013547994715566,-3.803636918355645,8.47033207363411
1,2,57.013547994715566,31.817184786325765,10.655991778105177
1,3,57.013547994715566,36.44927129434414,11.26618023161716
